{"metadata":{"kernel_spec":{"name":"SQL","language":"sql","display_name":"SQL"},"language_info":{"name":"sql","version":""}},"nbformat":4,"nbformat_minor":2,"cells":[{"cell_type":"markdown","source":["# [dbo].[GiaoVien]"],"metadata":{"urn":"Server[@Name='VIETANHH']/Database[@Name='TKB']/Table[@Name='GiaoVien' and @Schema='dbo']","object_type":"Table"}},{"outputs":[],"execution_count":0,"cell_type":"code","source":["USE [TKB]\r\n","GO\r\n"],"metadata":{"urn":"Server[@Name='VIETANHH']/Database[@Name='TKB']/Table[@Name='GiaoVien' and @Schema='dbo']","object_type":"Table"}},{"outputs":[],"execution_count":0,"cell_type":"code","source":["INSERT [dbo].[GiaoVien] ([MaGV], [HoTen]) VALUES (N'GV01', N'L.H.Sơn')\r\n","INSERT [dbo].[GiaoVien] ([MaGV], [HoTen]) VALUES (N'GV02', N'T.T.H.Yến')\r\n","INSERT [dbo].[GiaoVien] ([MaGV], [HoTen]) VALUES (N'GV03', N'N.T.Chinh')\r\n","INSERT [dbo].[GiaoVien] ([MaGV], [HoTen]) VALUES (N'GV04', N'Đ.V.Nghiệp')\r\n","INSERT [dbo].[GiaoVien] ([MaGV], [HoTen]) VALUES (N'GV05', N'Đ.N.Trung')\r\n","INSERT [dbo].[GiaoVien] ([MaGV], [HoTen]) VALUES (N'GV06', N'B.K.Thi')\r\n","INSERT [dbo].[GiaoVien] ([MaGV], [HoTen]) VALUES (N'GV07', N'D.Q.Hưng')\r\n","INSERT [dbo].[GiaoVien] ([MaGV], [HoTen]) VALUES (N'GV08', N'T.T.Q.Như')\r\n","INSERT [dbo].[GiaoVien] ([MaGV], [HoTen]) VALUES (N'GV09', N'Đ.Đ.Tuấn')\r\n","INSERT [dbo].[GiaoVien] ([MaGV], [HoTen]) VALUES (N'GV10', N'N.N.Kiên')\r\n","INSERT [dbo].[GiaoVien] ([MaGV], [HoTen]) VALUES (N'GV11', N'Đ.T.Hải')\r\n","INSERT [dbo].[GiaoVien] ([MaGV], [HoTen]) VALUES (N'GV12', N'N.T.T.Nga')\r\n","INSERT [dbo].[GiaoVien] ([MaGV], [HoTen]) VALUES (N'GV13', N'N.T.M.Hương')\r\n","INSERT [dbo].[GiaoVien] ([MaGV], [HoTen]) VALUES (N'GV14', NULL)\r\n","GO\r\n"],"metadata":{"urn":"Server[@Name='VIETANHH']/Database[@Name='TKB']/Table[@Name='GiaoVien' and @Schema='dbo']","object_type":"Table"}},{"cell_type":"markdown","source":["# [dbo].[LopHocPhan]"],"metadata":{"urn":"Server[@Name='VIETANHH']/Database[@Name='TKB']/Table[@Name='LopHocPhan' and @Schema='dbo']","object_type":"Table"}},{"outputs":[],"execution_count":0,"cell_type":"code","source":["INSERT [dbo].[LopHocPhan] ([MaLop], [TenLop]) VALUES (N'LHP01', N'58TDH1-01')\r\n","INSERT [dbo].[LopHocPhan] ([MaLop], [TenLop]) VALUES (N'LHP02', N'57DDK-01')\r\n","INSERT [dbo].[LopHocPhan] ([MaLop], [TenLop]) VALUES (N'LHP03', N'57TDH5-03')\r\n","INSERT [dbo].[LopHocPhan] ([MaLop], [TenLop]) VALUES (N'LHP04', N'57TDH4')\r\n","INSERT [dbo].[LopHocPhan] ([MaLop], [TenLop]) VALUES (N'LHP05', N'58CDT2')\r\n","INSERT [dbo].[LopHocPhan] ([MaLop], [TenLop]) VALUES (N'LHP06', N'58TDH3-01')\r\n","INSERT [dbo].[LopHocPhan] ([MaLop], [TenLop]) VALUES (N'LHP07', N'57CLCTDH')\r\n","INSERT [dbo].[LopHocPhan] ([MaLop], [TenLop]) VALUES (N'LHP08', N'57TDH2')\r\n","INSERT [dbo].[LopHocPhan] ([MaLop], [TenLop]) VALUES (N'LHP09', N'57TDH5-01')\r\n","INSERT [dbo].[LopHocPhan] ([MaLop], [TenLop]) VALUES (N'LHP10', N'58TDH4')\r\n","INSERT [dbo].[LopHocPhan] ([MaLop], [TenLop]) VALUES (N'LHP11', N'58KTD1')\r\n","INSERT [dbo].[LopHocPhan] ([MaLop], [TenLop]) VALUES (N'LHP12', N'58TDH1-02')\r\n","INSERT [dbo].[LopHocPhan] ([MaLop], [TenLop]) VALUES (N'LHP13', N'58KTD2')\r\n","INSERT [dbo].[LopHocPhan] ([MaLop], [TenLop]) VALUES (N'LHP14', N'57TDH5-02')\r\n","INSERT [dbo].[LopHocPhan] ([MaLop], [TenLop]) VALUES (N'LHP15', N'57TDH1-01')\r\n","INSERT [dbo].[LopHocPhan] ([MaLop], [TenLop]) VALUES (N'LHP16', N'58CNTDH1')\r\n","INSERT [dbo].[LopHocPhan] ([MaLop], [TenLop]) VALUES (N'LHP17', N'58TDH3-02')\r\n","INSERT [dbo].[LopHocPhan] ([MaLop], [TenLop]) VALUES (N'LHP18', N'57TDH3')\r\n","INSERT [dbo].[LopHocPhan] ([MaLop], [TenLop]) VALUES (N'LHP19', N'57TDH5')\r\n","INSERT [dbo].[LopHocPhan] ([MaLop], [TenLop]) VALUES (N'LHP20', N'57TDH1-02')\r\n","INSERT [dbo].[LopHocPhan] ([MaLop], [TenLop]) VALUES (N'LHP21', N'58TDH2-02')\r\n","INSERT [dbo].[LopHocPhan] ([MaLop], [TenLop]) VALUES (N'LHP22', N'58TDH3')\r\n","INSERT [dbo].[LopHocPhan] ([MaLop], [TenLop]) VALUES (N'LHP23', N'58CNTDH2')\r\n","INSERT [dbo].[LopHocPhan] ([MaLop], [TenLop]) VALUES (N'LHP24', N'58TDH2-01')\r\n","INSERT [dbo].[LopHocPhan] ([MaLop], [TenLop]) VALUES (N'LHP25', N'57TDH3-03')\r\n","INSERT [dbo].[LopHocPhan] ([MaLop], [TenLop]) VALUES (N'LHP26', N'57TDH1')\r\n","INSERT [dbo].[LopHocPhan] ([MaLop], [TenLop]) VALUES (N'LHP27', N'57TDH1-03')\r\n","INSERT [dbo].[LopHocPhan] ([MaLop], [TenLop]) VALUES (N'LHP28', NULL)\r\n","GO\r\n"],"metadata":{"urn":"Server[@Name='VIETANHH']/Database[@Name='TKB']/Table[@Name='LopHocPhan' and @Schema='dbo']","object_type":"Table"}},{"cell_type":"markdown","source":["# [dbo].[MonHoc]"],"metadata":{"urn":"Server[@Name='VIETANHH']/Database[@Name='TKB']/Table[@Name='MonHoc' and @Schema='dbo']","object_type":"Table"}},{"outputs":[],"execution_count":0,"cell_type":"code","source":["INSERT [dbo].[MonHoc] ([MaMH], [TenMonHoc]) VALUES (N'ELE0335', N'Thực hành điện tử công suất')\r\n","INSERT [dbo].[MonHoc] ([MaMH], [TenMonHoc]) VALUES (N'ELE0474', N'Trang bị điện cho các hệ thống công nghiệp')\r\n","INSERT [dbo].[MonHoc] ([MaMH], [TenMonHoc]) VALUES (N'ELE0476', N'Hệ thống điều khiển truyền thông CN')\r\n","INSERT [dbo].[MonHoc] ([MaMH], [TenMonHoc]) VALUES (N'ELE0477', N'Điều khiển chuyển động hệ servo')\r\n","INSERT [dbo].[MonHoc] ([MaMH], [TenMonHoc]) VALUES (N'ELE0478', N'Thực hành cơ sở ngành KTĐK&TĐH')\r\n","INSERT [dbo].[MonHoc] ([MaMH], [TenMonHoc]) VALUES (N'ELE0480', N'Thực hành chuyên ngành TĐHXNCN')\r\n","INSERT [dbo].[MonHoc] ([MaMH], [TenMonHoc]) VALUES (N'ELE0551', N'Điều khiển quá trình')\r\n","INSERT [dbo].[MonHoc] ([MaMH], [TenMonHoc]) VALUES (N'ELE401', N'Cơ sở truyền động điện ')\r\n","INSERT [dbo].[MonHoc] ([MaMH], [TenMonHoc]) VALUES (N'ELE402', NULL)\r\n","GO\r\n"],"metadata":{"urn":"Server[@Name='VIETANHH']/Database[@Name='TKB']/Table[@Name='MonHoc' and @Schema='dbo']","object_type":"Table"}},{"cell_type":"markdown","source":["# [dbo].[ThoiKhoaBieu]"],"metadata":{"urn":"Server[@Name='VIETANHH']/Database[@Name='TKB']/Table[@Name='ThoiKhoaBieu' and @Schema='dbo']","object_type":"Table"}},{"outputs":[],"execution_count":0,"cell_type":"code","source":["INSERT [dbo].[ThoiKhoaBieu] ([MaTKB], [MaGV], [MaMH], [MaLop], [GioVao], [GioRa], [Ngay], [PhongHoc]) VALUES (N'TKB01', N'GV01', N'ELE0335', N'LHP01', CAST(N'06:30:00' AS Time), CAST(N'12:00:00' AS Time), CAST(N'2025-03-17' AS Date), N'A16-302')\r\n","INSERT [dbo].[ThoiKhoaBieu] ([MaTKB], [MaGV], [MaMH], [MaLop], [GioVao], [GioRa], [Ngay], [PhongHoc]) VALUES (N'TKB02', N'GV02', N'ELE0478', N'LHP02', CAST(N'12:30:00' AS Time), CAST(N'18:00:00' AS Time), CAST(N'2025-03-17' AS Date), N'A16-302')\r\n","INSERT [dbo].[ThoiKhoaBieu] ([MaTKB], [MaGV], [MaMH], [MaLop], [GioVao], [GioRa], [Ngay], [PhongHoc]) VALUES (N'TKB03', N'GV03', N'ELE0480', N'LHP03', CAST(N'12:30:00' AS Time), CAST(N'18:00:00' AS Time), CAST(N'2025-03-17' AS Date), N'TN-405')\r\n","INSERT [dbo].[ThoiKhoaBieu] ([MaTKB], [MaGV], [MaMH], [MaLop], [GioVao], [GioRa], [Ngay], [PhongHoc]) VALUES (N'TKB04', N'GV04', N'ELE0474', N'LHP04', CAST(N'13:55:00' AS Time), CAST(N'15:10:00' AS Time), CAST(N'2025-03-17' AS Date), N'A9-303')\r\n","INSERT [dbo].[ThoiKhoaBieu] ([MaTKB], [MaGV], [MaMH], [MaLop], [GioVao], [GioRa], [Ngay], [PhongHoc]) VALUES (N'TKB05', N'GV05', N'ELE0477', N'LHP05', CAST(N'15:20:00' AS Time), CAST(N'18:00:00' AS Time), CAST(N'2025-03-17' AS Date), N'A9-303')\r\n","INSERT [dbo].[ThoiKhoaBieu] ([MaTKB], [MaGV], [MaMH], [MaLop], [GioVao], [GioRa], [Ngay], [PhongHoc]) VALUES (N'TKB06', N'GV06', N'ELE0551', N'LHP06', CAST(N'15:20:00' AS Time), CAST(N'18:00:00' AS Time), CAST(N'2025-03-17' AS Date), N'A10-502')\r\n","INSERT [dbo].[ThoiKhoaBieu] ([MaTKB], [MaGV], [MaMH], [MaLop], [GioVao], [GioRa], [Ngay], [PhongHoc]) VALUES (N'TKB07', N'GV07', N'ELE0335', N'LHP07', CAST(N'18:10:00' AS Time), CAST(N'20:50:00' AS Time), CAST(N'2025-03-17' AS Date), N'A16-302')\r\n","INSERT [dbo].[ThoiKhoaBieu] ([MaTKB], [MaGV], [MaMH], [MaLop], [GioVao], [GioRa], [Ngay], [PhongHoc]) VALUES (N'TKB08', N'GV08', N'ELE0476', N'LHP08', CAST(N'06:30:00' AS Time), CAST(N'09:10:00' AS Time), CAST(N'2025-03-18' AS Date), N'A9-101')\r\n","INSERT [dbo].[ThoiKhoaBieu] ([MaTKB], [MaGV], [MaMH], [MaLop], [GioVao], [GioRa], [Ngay], [PhongHoc]) VALUES (N'TKB09', N'GV09', N'ELE0477', N'LHP09', CAST(N'06:30:00' AS Time), CAST(N'09:10:00' AS Time), CAST(N'2025-03-18' AS Date), N'A9-205')\r\n","INSERT [dbo].[ThoiKhoaBieu] ([MaTKB], [MaGV], [MaMH], [MaLop], [GioVao], [GioRa], [Ngay], [PhongHoc]) VALUES (N'TKB10', N'GV10', N'ELE0480', N'LHP10', CAST(N'06:30:00' AS Time), CAST(N'09:10:00' AS Time), CAST(N'2025-03-18' AS Date), N'TN-405')\r\n","INSERT [dbo].[ThoiKhoaBieu] ([MaTKB], [MaGV], [MaMH], [MaLop], [GioVao], [GioRa], [Ngay], [PhongHoc]) VALUES (N'TKB11', N'GV11', N'ELE401', N'LHP11', CAST(N'06:30:00' AS Time), CAST(N'09:10:00' AS Time), CAST(N'2025-03-18' AS Date), N'A9-202')\r\n","INSERT [dbo].[ThoiKhoaBieu] ([MaTKB], [MaGV], [MaMH], [MaLop], [GioVao], [GioRa], [Ngay], [PhongHoc]) VALUES (N'TKB12', N'GV12', N'ELE402', N'LHP12', CAST(N'06:30:00' AS Time), CAST(N'09:10:00' AS Time), CAST(N'2025-03-18' AS Date), N'A8-101')\r\n","INSERT [dbo].[ThoiKhoaBieu] ([MaTKB], [MaGV], [MaMH], [MaLop], [GioVao], [GioRa], [Ngay], [PhongHoc]) VALUES (N'TKB13', N'GV13', N'ELE0335', N'LHP13', CAST(N'06:30:00' AS Time), CAST(N'12:00:00' AS Time), CAST(N'2025-03-18' AS Date), N'A16-302')\r\n","INSERT [dbo].[ThoiKhoaBieu] ([MaTKB], [MaGV], [MaMH], [MaLop], [GioVao], [GioRa], [Ngay], [PhongHoc]) VALUES (N'TKB14', N'GV14', N'ELE402', N'LHP14', CAST(N'09:20:00' AS Time), CAST(N'10:35:00' AS Time), CAST(N'2025-03-18' AS Date), N'A8-102')\r\n","GO\r\n"],"metadata":{"urn":"Server[@Name='VIETANHH']/Database[@Name='TKB']/Table[@Name='ThoiKhoaBieu' and @Schema='dbo']","object_type":"Table"}}]}